{
  "high_risk_examples": [
    {
      "patient_idx": 26,
      "predicted_prob": 0.7449368238449097,
      "explanations": [
        [
          "GenHlth > 1.39",
          0.09650227392295628
        ],
        [
          "BMI > 0.55",
          0.07879151638327926
        ],
        [
          "-0.86 < HighChol <= 1.17",
          0.07011172313271796
        ],
        [
          "0.32 < Age <= 0.64",
          0.03786744725045561
        ],
        [
          "-0.45 < DiffWalk <= 2.22",
          0.030705633777057175
        ],
        [
          "HvyAlcoholConsump <= -0.24",
          0.017679986953820212
        ],
        [
          "-0.89 < Sex <= 1.13",
          0.013395197177295958
        ],
        [
          "NoDocbcCost <= -0.30",
          -0.012717295246862294
        ],
        [
          "-0.05 < Education <= 0.96",
          -0.005564878883732175
        ],
        [
          "-0.89 < Smoker <= 1.12",
          -0.003127294332090175
        ]
      ]
    },
    {
      "patient_idx": 294,
      "predicted_prob": 0.7290915846824646,
      "explanations": [
        [
          "GenHlth > 1.39",
          0.10721213180381009
        ],
        [
          "BMI > 0.55",
          0.07935509017428749
        ],
        [
          "-0.86 < HighChol <= 1.17",
          0.07119309631303088
        ],
        [
          "Age <= -0.34",
          -0.060598302337861246
        ],
        [
          "Income <= -0.99",
          0.04377567227785624
        ],
        [
          "-0.45 < DiffWalk <= 2.22",
          0.0323436927021205
        ],
        [
          "HvyAlcoholConsump <= -0.24",
          0.022869606280401574
        ],
        [
          "NoDocbcCost > -0.30",
          0.018824064551388905
        ],
        [
          "Sex <= -0.89",
          -0.01418820364854172
        ],
        [
          "PhysHlth > 0.09",
          0.010630970845468579
        ]
      ]
    },
    {
      "patient_idx": 361,
      "predicted_prob": 0.7774180173873901,
      "explanations": [
        [
          "GenHlth > 1.39",
          0.10695657624312835
        ],
        [
          "BMI > 0.55",
          0.08270463638905498
        ],
        [
          "Age > 0.64",
          0.07382584095909071
        ],
        [
          "-0.86 < HighChol <= 1.17",
          0.07253429416034152
        ],
        [
          "Income <= -0.99",
          0.04546663820080398
        ],
        [
          "-0.45 < DiffWalk <= 2.22",
          0.03130817068589831
        ],
        [
          "HvyAlcoholConsump <= -0.24",
          0.023382538309046737
        ],
        [
          "-0.89 < Sex <= 1.13",
          0.015676409109601507
        ],
        [
          "NoDocbcCost <= -0.30",
          -0.011573618038034994
        ],
        [
          "PhysHlth > 0.09",
          0.011495408190931321
        ]
      ]
    }
  ],
  "low_risk_examples": [
    {
      "patient_idx": 1,
      "predicted_prob": 0.03608473017811775,
      "explanations": [
        [
          "HighChol <= -0.86",
          -0.07082908236445638
        ],
        [
          "Age <= -0.34",
          -0.058250664957563696
        ],
        [
          "BMI <= -0.51",
          -0.04783668384970744
        ],
        [
          "Income <= -0.99",
          0.041686706892657965
        ],
        [
          "DiffWalk <= -0.45",
          -0.02890036059499362
        ],
        [
          "HvyAlcoholConsump <= -0.24",
          0.02340446078139124
        ],
        [
          "Sex <= -0.89",
          -0.018830195150390246
        ],
        [
          "-0.05 < Education <= 0.96",
          -0.009039321441597865
        ],
        [
          "-1.76 < PhysActivity <= 0.57",
          -0.008904853626856314
        ],
        [
          "NoDocbcCost > -0.30",
          0.007343174807718209
        ]
      ]
    },
    {
      "patient_idx": 3,
      "predicted_prob": 0.11028899252414703,
      "explanations": [
        [
          "Age > 0.64",
          0.0733222773728819
        ],
        [
          "HighChol <= -0.86",
          -0.06991691890658411
        ],
        [
          "GenHlth <= -0.48",
          -0.06259591751749136
        ],
        [
          "DiffWalk <= -0.45",
          -0.03479132489330309
        ],
        [
          "-0.51 < BMI <= -0.06",
          -0.024246832301351398
        ],
        [
          "HvyAlcoholConsump <= -0.24",
          0.024001936576369096
        ],
        [
          "Sex <= -0.89",
          -0.019153096185354403
        ],
        [
          "NoDocbcCost <= -0.30",
          -0.00689503299279137
        ],
        [
          "-0.99 < Income <= -0.03",
          -0.00582326979866204
        ],
        [
          "-1.76 < PhysActivity <= 0.57",
          -0.005616673787794701
        ]
      ]
    },
    {
      "patient_idx": 4,
      "predicted_prob": 0.12368448078632355,
      "explanations": [
        [
          "Age > 0.64",
          0.07357601749757042
        ],
        [
          "-0.86 < HighChol <= 1.17",
          0.0696843857999756
        ],
        [
          "GenHlth <= -0.48",
          -0.06357066889652993
        ],
        [
          "BMI <= -0.51",
          -0.051212742066969734
        ],
        [
          "Income <= -0.99",
          0.045287369763082196
        ],
        [
          "DiffWalk <= -0.45",
          -0.029836649599042114
        ],
        [
          "HvyAlcoholConsump <= -0.24",
          0.022146144602498693
        ],
        [
          "NoDocbcCost <= -0.30",
          -0.01588864748154614
        ],
        [
          "Sex <= -0.89",
          -0.015124580566075428
        ],
        [
          "-1.76 < PhysActivity <= 0.57",
          -0.006470502073131896
        ]
      ]
    }
  ]
}