{
  "top10_features": [
    "BMI",
    "GenHlth",
    "HighChol",
    "Age",
    "Sex",
    "CholCheck",
    "PhysHlth",
    "HvyAlcoholConsump",
    "Income",
    "Education"
  ],
  "top10_importance": [
    0.013820000000000022,
    0.009430000000000016,
    0.006110000000000016,
    0.0037000000000000145,
    0.0018200000000000217,
    0.0010100000000000109,
    0.0009300000000000197,
    0.0008800000000000252,
    0.0008200000000000207,
    0.0007800000000000251
  ],
  "top10_std": [
    0.002047828117787224,
    0.0011584903970253925,
    0.0012012077255828854,
    0.0012181953866272873,
    0.0008459314393022771,
    0.000350570962859139,
    0.0002685144316419409,
    0.0004812483766206391,
    0.0010961751684835958,
    0.00036276714294433785
  ]
}