{
  "Sex": {
    "demographic_parity_diff": 0.003751325422424165,
    "equalized_odds_diff": 0.01100597578692955,
    "subgroup_performance": {
      "Female": {
        "accuracy": 0.8607984560553341,
        "precision": 0.5982731554160126,
        "recall": 0.181346657149655,
        "f1": 0.27832755157933176
      },
      "Male": {
        "accuracy": 0.8394625176803394,
        "precision": 0.5947339348186338,
        "recall": 0.17034068136272545,
        "f1": 0.2648300742016152
      }
    }
  },
  "Age": {
    "demographic_parity_diff": 0.06760834239860555,
    "equalized_odds_diff": 0.13215966095888226,
    "subgroup_performance": {
      "Middle(45-64)": {
        "accuracy": 0.8569626799989112,
        "precision": 0.601123595505618,
        "recall": 0.18461446930033318,
        "f1": 0.2824761037778789
      },
      "Senior(65+)": {
        "accuracy": 0.7831031772762995,
        "precision": 0.5928181108508978,
        "recall": 0.18514725960600742,
        "f1": 0.28216846876973956
      },
      "Young(18-44)": {
        "accuracy": 0.9519677947096561,
        "precision": 0.6025641025641025,
        "recall": 0.05298759864712514,
        "f1": 0.09740932642487046
      }
    }
  },
  "Income": {
    "demographic_parity_diff": 0.11709840333678737,
    "equalized_odds_diff": 0.20452712077212132,
    "subgroup_performance": {
      "High": {
        "accuracy": 0.8845620141820619,
        "precision": 0.5891608391608392,
        "recall": 0.09987651271918992,
        "f1": 0.17079866537145752
      },
      "Low": {
        "accuracy": 0.7573161647334256,
        "precision": 0.5974806201550388,
        "recall": 0.3044036334913112,
        "f1": 0.4033228676085819
      },
      "Medium": {
        "accuracy": 0.8057064626885132,
        "precision": 0.603303209722655,
        "recall": 0.2015826738858809,
        "f1": 0.30219308514789667
      }
    }
  },
  "Education": {
    "demographic_parity_diff": 0.13314280570863535,
    "equalized_odds_diff": 0.19990056697649955,
    "subgroup_performance": {
      "High": {
        "accuracy": 0.8733715123987925,
        "precision": 0.6009780836804927,
        "recall": 0.1408438746922489,
        "f1": 0.22820592179923657
      },
      "Low": {
        "accuracy": 0.7426067907995619,
        "precision": 0.6062222222222222,
        "recall": 0.34074444166874845,
        "f1": 0.43627059011674396
      },
      "Medium": {
        "accuracy": 0.8130996015936255,
        "precision": 0.5853598014888337,
        "recall": 0.18999677835051546,
        "f1": 0.2868782682719202
      }
    }
  },
  "mitigation_method": "threshold_adjustment"
}