{
  "top10_features": [
    "GenHlth",
    "Age",
    "BMI",
    "HighChol",
    "Income",
    "Sex",
    "DiffWalk",
    "CholCheck",
    "HvyAlcoholConsump",
    "Education"
  ],
  "top10_importance": [
    0.61614990234375,
    0.4616208076477051,
    0.4462399482727051,
    0.3702046871185303,
    0.14428573846817017,
    0.11214280128479004,
    0.06753367930650711,
    0.05612034350633621,
    0.04158925637602806,
    0.03672580048441887
  ],
  "all_feature_importance": {
    "HighChol": 0.3702046871185303,
    "CholCheck": 0.05612034350633621,
    "BMI": 0.4462399482727051,
    "Smoker": 0.009794031269848347,
    "PhysActivity": 0.013455882668495178,
    "Fruits": 0.007850841619074345,
    "Veggies": 0.01200307160615921,
    "HvyAlcoholConsump": 0.04158925637602806,
    "AnyHealthcare": 0.0037198872305452824,
    "NoDocbcCost": 0.0056381975300610065,
    "GenHlth": 0.61614990234375,
    "MentHlth": 0.027218017727136612,
    "PhysHlth": 0.015054881572723389,
    "DiffWalk": 0.06753367930650711,
    "Sex": 0.11214280128479004,
    "Age": 0.4616208076477051,
    "Education": 0.03672580048441887,
    "Income": 0.14428573846817017
  }
}