{
  "top10_features": [
    "GenHlth",
    "Age",
    "HighChol",
    "Sex",
    "BMI",
    "PhysActivity",
    "CholCheck",
    "Fruits",
    "Veggies",
    "AnyHealthcare"
  ],
  "top10_importance": [
    0.0011800000000000144,
    0.0009000000000000341,
    0.0007000000000000117,
    0.0005200000000000094,
    0.00028000000000000247,
    3.999999999999559e-05,
    2.00000000000089e-05,
    0.0,
    0.0,
    0.0
  ],
  "top10_std": [
    0.0006112282715974424,
    0.000714142842854298,
    0.00039999999999999205,
    0.0006477653896280611,
    0.0002638181191654697,
    4.898979485565817e-05,
    0.0001777638883463159,
    0.0,
    0.0,
    0.0
  ]
}