{
  "Sex": {
    "demographic_parity_diff": 0.01632321138366238,
    "equalized_odds_diff": 0.07273651683446679,
    "subgroup_performance": {
      "Female": {
        "accuracy": 0.9281558595235747,
        "precision": 0.5274725274725275,
        "recall": 0.004703576678098971,
        "f1": 0.009324009324009324
      },
      "Male": {
        "accuracy": 0.87947827332462,
        "precision": 0.5593667546174143,
        "recall": 0.07744009351256576,
        "f1": 0.13604569081691587
      }
    }
  },
  "Age": {
    "demographic_parity_diff": 0.01969237678230605,
    "equalized_odds_diff": 0.06340956340956341,
    "subgroup_performance": {
      "Middle(45-64)": {
        "accuracy": 0.9299875690733062,
        "precision": 0.5689655172413793,
        "recall": 0.017036654620547237,
        "f1": 0.03308270676691729
      },
      "Senior(65+)": {
        "accuracy": 0.8294150668013922,
        "precision": 0.556442417331813,
        "recall": 0.06340956340956341,
        "f1": 0.11384579493759478
      },
      "Young(18-44)": {
        "accuracy": 0.9861583426775243,
        "precision": 0.0,
        "recall": 0.0,
        "f1": 0.0
      }
    }
  },
  "Income": {
    "demographic_parity_diff": 0.013896554996513053,
    "equalized_odds_diff": 0.03074301166520515,
    "subgroup_performance": {
      "High": {
        "accuracy": 0.9320589860884085,
        "precision": 0.5615384615384615,
        "recall": 0.03137086377309841,
        "f1": 0.05942205942205942
      },
      "Low": {
        "accuracy": 0.8352399702032564,
        "precision": 0.5570570570570571,
        "recall": 0.059180092518743024,
        "f1": 0.10699351117519827
      },
      "Medium": {
        "accuracy": 0.8714633404320049,
        "precision": 0.5552238805970149,
        "recall": 0.06211387543830356,
        "f1": 0.11172848776092506
      }
    }
  },
  "Education": {
    "demographic_parity_diff": 0.020141223959175822,
    "equalized_odds_diff": 0.043090235822625333,
    "subgroup_performance": {
      "High": {
        "accuracy": 0.921573052726606,
        "precision": 0.5548317046688382,
        "recall": 0.036497393043354046,
        "f1": 0.06848947862216861
      },
      "Low": {
        "accuracy": 0.8257758305951077,
        "precision": 0.5561959654178674,
        "recall": 0.07958762886597938,
        "f1": 0.13924963924963926
      },
      "Medium": {
        "accuracy": 0.8824382470119522,
        "precision": 0.5626740947075209,
        "recall": 0.05410472746752377,
        "f1": 0.09871716554673182
      }
    }
  },
  "mitigation_method": "threshold_adjustment"
}