{
  "high_risk_examples": [],
  "low_risk_examples": [
    {
      "patient_idx": 1,
      "predicted_prob": 0.037652481347322464,
      "explanations": [
        [
          "Age <= -0.34",
          -0.05711800843633552
        ],
        [
          "HighChol <= -0.86",
          -0.037300390332986495
        ],
        [
          "DiffWalk <= -0.45",
          -0.02959666783258552
        ],
        [
          "Sex <= -0.89",
          -0.022900981893916643
        ],
        [
          "Income <= -0.99",
          0.021746642771821992
        ],
        [
          "-0.89 < Smoker <= 1.12",
          0.01659938119371122
        ],
        [
          "NoDocbcCost > -0.30",
          0.01406201331012528
        ],
        [
          "BMI <= -0.51",
          -0.003158546369919107
        ],
        [
          "-0.05 < Education <= 0.96",
          -0.0019771482522749476
        ],
        [
          "-0.48 < GenHlth <= 0.46",
          -0.0016226125645294916
        ]
      ]
    },
    {
      "patient_idx": 3,
      "predicted_prob": 0.037639595568180084,
      "explanations": [
        [
          "Age > 0.64",
          0.06570202701720465
        ],
        [
          "GenHlth <= -0.48",
          -0.053121354392618426
        ],
        [
          "HighChol <= -0.86",
          -0.03623131575102226
        ],
        [
          "DiffWalk <= -0.45",
          -0.03168020938258282
        ],
        [
          "Sex <= -0.89",
          -0.02207835554990193
        ],
        [
          "NoDocbcCost <= -0.30",
          -0.016183314923812565
        ],
        [
          "Smoker <= -0.89",
          -0.015481894477721468
        ],
        [
          "-0.51 < BMI <= -0.06",
          -0.003792121478752138
        ],
        [
          "PhysHlth <= -0.49",
          -0.002636046697335917
        ],
        [
          "HvyAlcoholConsump <= -0.24",
          0.0024788696864767317
        ]
      ]
    },
    {
      "patient_idx": 4,
      "predicted_prob": 0.07214202731847763,
      "explanations": [
        [
          "Age > 0.64",
          0.06639391843785666
        ],
        [
          "GenHlth <= -0.48",
          -0.054501655170631665
        ],
        [
          "-0.86 < HighChol <= 1.17",
          0.0357195991041383
        ],
        [
          "DiffWalk <= -0.45",
          -0.03109061423727768
        ],
        [
          "Income <= -0.99",
          0.02240191805533654
        ],
        [
          "Sex <= -0.89",
          -0.020022565283347765
        ],
        [
          "Smoker <= -0.89",
          -0.016414273694590847
        ],
        [
          "NoDocbcCost <= -0.30",
          -0.014375611145986142
        ],
        [
          "BMI <= -0.51",
          -0.005178954819993822
        ],
        [
          "HvyAlcoholConsump <= -0.24",
          0.004063007033136759
        ]
      ]
    }
  ]
}