{
  "top10_features": [
    "Age",
    "GenHlth",
    "HighChol",
    "Sex",
    "DiffWalk",
    "Smoker",
    "Income",
    "PhysHlth",
    "BMI",
    "NoDocbcCost"
  ],
  "top10_importance": [
    0.6953593492507935,
    0.5228564143180847,
    0.35019710659980774,
    0.29742205142974854,
    0.156905397772789,
    0.14104951918125153,
    0.11765433102846146,
    0.0610550232231617,
    0.035742372274398804,
    0.02215828374028206
  ],
  "all_feature_importance": {
    "HighChol": 0.35019710659980774,
    "CholCheck": 0.017931504175066948,
    "BMI": 0.035742372274398804,
    "Smoker": 0.14104951918125153,
    "PhysActivity": 0.0010147412540391088,
    "Fruits": 0.0003545779618434608,
    "Veggies": 0.001089712604880333,
    "HvyAlcoholConsump": 0.010992082767188549,
    "AnyHealthcare": 0.000775910506490618,
    "NoDocbcCost": 0.02215828374028206,
    "GenHlth": 0.5228564143180847,
    "MentHlth": 0.006602694746106863,
    "PhysHlth": 0.0610550232231617,
    "DiffWalk": 0.156905397772789,
    "Sex": 0.29742205142974854,
    "Age": 0.6953593492507935,
    "Education": 0.014048533514142036,
    "Income": 0.11765433102846146
  }
}