{
  "top10_features": [
    "Age",
    "BMI",
    "GenHlth",
    "HighChol",
    "CholCheck",
    "Income",
    "Sex",
    "PhysHlth",
    "Education",
    "DiffWalk"
  ],
  "top10_importance": [
    0.06676999999999998,
    0.036099999999999986,
    0.021929999999999995,
    0.020309999999999995,
    0.0044500000000000095,
    0.002660000000000018,
    0.0019500000000000073,
    0.001309999999999989,
    0.0010400000000000075,
    0.0005900000000000017
  ],
  "top10_std": [
    0.0035423297418506923,
    0.001483239697419139,
    0.002926448359359852,
    0.002313201245028185,
    0.0009436630754670901,
    0.0005063595560468684,
    0.0017414074767268045,
    0.0005393514624064699,
    0.0009676776322722524,
    0.0010309704166463817
  ]
}