{
  "top10_features": [
    "Age",
    "BMI",
    "HighChol",
    "GenHlth",
    "Sex",
    "Income",
    "DiffWalk",
    "CholCheck",
    "Education",
    "HvyAlcoholConsump"
  ],
  "top10_importance": [
    0.6122758984565735,
    0.39929354190826416,
    0.38871318101882935,
    0.3565654456615448,
    0.144340381026268,
    0.08685749769210815,
    0.07042323797941208,
    0.04744434356689453,
    0.04560226574540138,
    0.02813480608165264
  ],
  "all_feature_importance": {
    "HighChol": 0.38871318101882935,
    "CholCheck": 0.04744434356689453,
    "BMI": 0.39929354190826416,
    "Smoker": 0.015545718371868134,
    "PhysActivity": 0.012162591330707073,
    "Fruits": 0.012456541880965233,
    "Veggies": 0.01165356021374464,
    "HvyAlcoholConsump": 0.02813480608165264,
    "AnyHealthcare": 0.006915915757417679,
    "NoDocbcCost": 0.012298919260501862,
    "GenHlth": 0.3565654456615448,
    "MentHlth": 0.011844724416732788,
    "PhysHlth": 0.016038494184613228,
    "DiffWalk": 0.07042323797941208,
    "Sex": 0.144340381026268,
    "Age": 0.6122758984565735,
    "Education": 0.04560226574540138,
    "Income": 0.08685749769210815
  }
}