{
  "high_risk_examples": [
    {
      "patient_idx": 0,
      "predicted_prob": 0.8833822011947632,
      "explanations": [
        [
          "-0.86 < HighChol <= 1.17",
          0.17742582601423082
        ],
        [
          "BMI > 0.55",
          0.13839431432886073
        ],
        [
          "GenHlth > 1.39",
          0.1214775889430525
        ],
        [
          "-0.45 < DiffWalk <= 2.22",
          0.05953174240231101
        ],
        [
          "Sex <= -0.89",
          -0.05830156660348585
        ],
        [
          "Income <= -0.99",
          0.044877581463640535
        ],
        [
          "HvyAlcoholConsump <= -0.24",
          -0.04272591449254775
        ],
        [
          "NoDocbcCost <= -0.30",
          -0.033812990371776305
        ],
        [
          "MentHlth > -0.02",
          0.02536860363283329
        ],
        [
          "-0.34 < Age <= 0.32",
          -0.020114935314960086
        ]
      ]
    },
    {
      "patient_idx": 2,
      "predicted_prob": 0.7105472087860107,
      "explanations": [
        [
          "-0.86 < HighChol <= 1.17",
          0.179378628728759
        ],
        [
          "GenHlth > 1.39",
          0.13818276265020427
        ],
        [
          "Sex <= -0.89",
          -0.06241270839383028
        ],
        [
          "-0.45 < DiffWalk <= 2.22",
          0.06098879474931631
        ],
        [
          "HvyAlcoholConsump <= -0.24",
          -0.044354341785664136
        ],
        [
          "NoDocbcCost > -0.30",
          0.040586182497262466
        ],
        [
          "-0.03 < Income <= 0.94",
          -0.035829914588332186
        ],
        [
          "-0.51 < BMI <= -0.06",
          -0.033264410211908006
        ],
        [
          "-0.34 < Age <= 0.32",
          -0.02611145843224108
        ],
        [
          "MentHlth > -0.02",
          0.021115506670583456
        ]
      ]
    },
    {
      "patient_idx": 7,
      "predicted_prob": 0.779687225818634,
      "explanations": [
        [
          "-0.86 < HighChol <= 1.17",
          0.1788922690595635
        ],
        [
          "Age > 0.64",
          0.16542634758989172
        ],
        [
          "BMI <= -0.51",
          -0.12916674864590247
        ],
        [
          "-0.45 < DiffWalk <= 2.22",
          0.06752662718288101
        ],
        [
          "Sex <= -0.89",
          -0.05642704676903975
        ],
        [
          "Income <= -0.99",
          0.04466493228163856
        ],
        [
          "NoDocbcCost <= -0.30",
          -0.03720986409919802
        ],
        [
          "-0.48 < GenHlth <= 0.46",
          0.033439754000978886
        ],
        [
          "HvyAlcoholConsump <= -0.24",
          -0.02547316649060309
        ],
        [
          "Education <= -1.07",
          0.015120192797930275
        ]
      ]
    }
  ],
  "low_risk_examples": [
    {
      "patient_idx": 1,
      "predicted_prob": 0.14185644686222076,
      "explanations": [
        [
          "HighChol <= -0.86",
          -0.1775701231145365
        ],
        [
          "Age <= -0.34",
          -0.15330802116419665
        ],
        [
          "BMI <= -0.51",
          -0.11882797739563154
        ],
        [
          "Sex <= -0.89",
          -0.06498779660024054
        ],
        [
          "DiffWalk <= -0.45",
          -0.06494534998696183
        ],
        [
          "Income <= -0.99",
          0.03697627161552642
        ],
        [
          "HvyAlcoholConsump <= -0.24",
          -0.03191566865705618
        ],
        [
          "-0.48 < GenHlth <= 0.46",
          0.02674512406299649
        ],
        [
          "-0.05 < Education <= 0.96",
          -0.026608835162573164
        ],
        [
          "NoDocbcCost > -0.30",
          0.024667058276429857
        ]
      ]
    },
    {
      "patient_idx": 17,
      "predicted_prob": 0.19396746158599854,
      "explanations": [
        [
          "HighChol <= -0.86",
          -0.17572212007919588
        ],
        [
          "Age <= -0.34",
          -0.15261188793998126
        ],
        [
          "GenHlth <= -0.48",
          -0.12972317353928722
        ],
        [
          "BMI <= -0.51",
          -0.12367211318899281
        ],
        [
          "DiffWalk <= -0.45",
          -0.06514579611091847
        ],
        [
          "-0.89 < Sex <= 1.13",
          0.06476310714182003
        ],
        [
          "NoDocbcCost <= -0.30",
          -0.03444490764856537
        ],
        [
          "HvyAlcoholConsump <= -0.24",
          -0.030299241743955593
        ],
        [
          "MentHlth <= -0.43",
          -0.010445173191030641
        ],
        [
          "-1.76 < PhysActivity <= 0.57",
          -0.007553793709775175
        ]
      ]
    },
    {
      "patient_idx": 18,
      "predicted_prob": 0.026803210377693176,
      "explanations": [
        [
          "HighChol <= -0.86",
          -0.17460242490169797
        ],
        [
          "Age <= -0.34",
          -0.1508915651518537
        ],
        [
          "GenHlth <= -0.48",
          -0.12848525700270308
        ],
        [
          "BMI <= -0.51",
          -0.12461935508160864
        ],
        [
          "DiffWalk <= -0.45",
          -0.06498508423118782
        ],
        [
          "Sex <= -0.89",
          -0.060134987952774215
        ],
        [
          "NoDocbcCost <= -0.30",
          -0.04235736702607056
        ],
        [
          "-0.03 < Income <= 0.94",
          -0.036401658149751916
        ],
        [
          "HvyAlcoholConsump <= -0.24",
          -0.028739700655776988
        ],
        [
          "-0.05 < Education <= 0.96",
          -0.023925802792122076
        ]
      ]
    }
  ]
}