{
  "Sex": {
    "demographic_parity_diff": 0.0643578507080742,
    "equalized_odds_diff": 0.059640905425539514,
    "subgroup_performance": {
      "Female": {
        "accuracy": 0.7408750898051756,
        "precision": 0.6876326486564265,
        "recall": 0.6631224741123619,
        "f1": 0.6751551862676709
      },
      "Male": {
        "accuracy": 0.7099887203910265,
        "precision": 0.684356225703852,
        "recall": 0.6811200562763795,
        "f1": 0.6827343061404367
      }
    }
  },
  "Age": {
    "demographic_parity_diff": 0.6863506542167819,
    "equalized_odds_diff": 0.6696542765997887,
    "subgroup_performance": {
      "Middle(45-64)": {
        "accuracy": 0.7050240905915125,
        "precision": 0.6613622226829774,
        "recall": 0.5675585507439781,
        "f1": 0.6108803638757556
      },
      "Senior(65+)": {
        "accuracy": 0.6856966430897047,
        "precision": 0.7031240438161679,
        "recall": 0.8425269024180095,
        "f1": 0.7665390741621009
      },
      "Young(18-44)": {
        "accuracy": 0.8404257274682451,
        "precision": 0.6234520123839009,
        "recall": 0.17287262581822083,
        "f1": 0.2706880618331513
      }
    }
  },
  "Income": {
    "demographic_parity_diff": 0.3130639682901667,
    "equalized_odds_diff": 0.24331722322931382,
    "subgroup_performance": {
      "High": {
        "accuracy": 0.7308994908098827,
        "precision": 0.6630173991860238,
        "recall": 0.5818879460943349,
        "f1": 0.6198091029166217
      },
      "Low": {
        "accuracy": 0.7229700968394168,
        "precision": 0.7228855926951204,
        "recall": 0.8252051693236487,
        "f1": 0.7706640237859267
      },
      "Medium": {
        "accuracy": 0.717393193967578,
        "precision": 0.7016345637326376,
        "recall": 0.777631299170742,
        "f1": 0.7376807793936705
      }
    }
  },
  "Education": {
    "demographic_parity_diff": 0.31093759187736925,
    "equalized_odds_diff": 0.23674591991376728,
    "subgroup_performance": {
      "High": {
        "accuracy": 0.7323271362879792,
        "precision": 0.6716094318721316,
        "recall": 0.6139102258097181,
        "f1": 0.6414649445657842
      },
      "Low": {
        "accuracy": 0.7269806498722161,
        "precision": 0.7319768077890821,
        "recall": 0.8384711779448621,
        "f1": 0.7816132235266632
      },
      "Medium": {
        "accuracy": 0.7130677290836653,
        "precision": 0.700505833162773,
        "recall": 0.755296343001261,
        "f1": 0.7268700414132068
      }
    }
  },
  "mitigation_method": "threshold_adjustment"
}