{
  "top10_features": [
    "Age",
    "GenHlth",
    "DiffWalk",
    "Income",
    "HighChol",
    "PhysHlth",
    "Smoker",
    "Sex",
    "BMI",
    "MentHlth"
  ],
  "top10_importance": [
    0.42903661727905273,
    0.39210808277130127,
    0.30915945768356323,
    0.18134614825248718,
    0.14656411111354828,
    0.09196620434522629,
    0.060395557433366776,
    0.03859138488769531,
    0.026908913627266884,
    0.01563493348658085
  ],
  "all_feature_importance": {
    "HighChol": 0.14656411111354828,
    "CholCheck": 0.004210860002785921,
    "BMI": 0.026908913627266884,
    "Smoker": 0.060395557433366776,
    "PhysActivity": 0.0031060180626809597,
    "Fruits": 0.0003163411747664213,
    "Veggies": 0.014878963120281696,
    "HvyAlcoholConsump": 0.0013916714815422893,
    "AnyHealthcare": 0.0009226162219420075,
    "NoDocbcCost": 0.004931050352752209,
    "GenHlth": 0.39210808277130127,
    "MentHlth": 0.01563493348658085,
    "PhysHlth": 0.09196620434522629,
    "DiffWalk": 0.30915945768356323,
    "Sex": 0.03859138488769531,
    "Age": 0.42903661727905273,
    "Education": 0.0035003796219825745,
    "Income": 0.18134614825248718
  }
}