{
  "high_risk_examples": [],
  "low_risk_examples": [
    {
      "patient_idx": 0,
      "predicted_prob": 0.19459828734397888,
      "explanations": [
        [
          "GenHlth > 1.39",
          0.043053400180313256
        ],
        [
          "-0.45 < DiffWalk <= 2.22",
          0.03161963333915452
        ],
        [
          "-0.86 < HighChol <= 1.17",
          0.01625372276918264
        ],
        [
          "Income <= -0.99",
          0.014881835684913022
        ],
        [
          "PhysHlth > 0.09",
          0.007226735356670276
        ],
        [
          "-0.89 < Smoker <= 1.12",
          0.005734151680177719
        ],
        [
          "-0.34 < Age <= 0.32",
          -0.0036940863446182034
        ],
        [
          "Sex <= -0.89",
          -0.0028053575712086234
        ],
        [
          "BMI > 0.55",
          -0.002089487560757496
        ],
        [
          "NoDocbcCost <= -0.30",
          -0.0019515174069133444
        ]
      ]
    },
    {
      "patient_idx": 1,
      "predicted_prob": 0.027792343869805336,
      "explanations": [
        [
          "DiffWalk <= -0.45",
          -0.03298728198097883
        ],
        [
          "Age <= -0.34",
          -0.03192627712383813
        ],
        [
          "HighChol <= -0.86",
          -0.01530830291291585
        ],
        [
          "Income <= -0.99",
          0.012027049041402083
        ],
        [
          "-0.89 < Smoker <= 1.12",
          0.005543249290394893
        ],
        [
          "PhysHlth <= -0.49",
          -0.004274999882997033
        ],
        [
          "NoDocbcCost > -0.30",
          0.004185324574499346
        ],
        [
          "Sex <= -0.89",
          -0.0031901133241303385
        ],
        [
          "-0.48 < GenHlth <= 0.46",
          -0.0012383068132493325
        ],
        [
          "-1.76 < PhysActivity <= 0.57",
          -0.0011516163317901189
        ]
      ]
    },
    {
      "patient_idx": 2,
      "predicted_prob": 0.17125655710697174,
      "explanations": [
        [
          "GenHlth > 1.39",
          0.04935332426014193
        ],
        [
          "-0.45 < DiffWalk <= 2.22",
          0.03382352740448382
        ],
        [
          "-0.86 < HighChol <= 1.17",
          0.01655790540784339
        ],
        [
          "-0.03 < Income <= 0.94",
          -0.013059482687116136
        ],
        [
          "PhysHlth > 0.09",
          0.005978988241721206
        ],
        [
          "Smoker <= -0.89",
          -0.005963165318597225
        ],
        [
          "-0.34 < Age <= 0.32",
          -0.005372254962109472
        ],
        [
          "HvyAlcoholConsump <= -0.24",
          0.0021007287458685246
        ],
        [
          "Sex <= -0.89",
          -0.002024486795667345
        ],
        [
          "NoDocbcCost > -0.30",
          0.0019354759563721736
        ]
      ]
    }
  ]
}